,In-Sample,Out-of-Sample
CAGR,0.20764273764678665,0.1940229853213955
Annualized Volatility,0.15387625811301306,0.19994646341690842
Sharpe,1.2752795313782026,0.8553164323695687
Sortino,2.247968277241932,1.6027949810699156
Max Drawdown,-0.2130411275854892,-0.17540233746507616
Calmar,0.9746603390627648,1.1061596334771013
Information Ratio,0.8301638750339835,0.5197102901644619
