Model,N,R2,Alpha Monthly,Alpha Annualized,Alpha t-stat,MKT_RF,MKT_RF t-stat,SMB,SMB t-stat,HML,HML t-stat,RMW,RMW t-stat,CMA,CMA t-stat,MOM,MOM t-stat
CAPM,194,0.3606184929169203,0.0023558879491284023,0.02863986107246652,1.0512303826479763,0.6731499217282414,7.72700997189344,,,,,,,,,,
FF3,194,0.4735985085281519,0.0012618927706426746,0.015248253216438412,0.6970302326597453,0.7592608417715092,8.49812136830582,-0.47096156862959393,-4.858089658442736,0.47389006189631944,5.279051240261824,,,,,,
Carhart4,194,0.47405462020251643,0.001414528996598941,0.01710703150650761,0.713747567126226,0.7527570037944459,7.694063525261615,-0.47780141298517714,-4.68703747940778,0.4663651867486462,4.728001471725648,,,,,-0.03254721715905764,-0.3012951334272421
FF5,194,0.476476970738397,0.001000489057621701,0.012072154082551023,0.5302654401207855,0.7572104034366753,7.979442292391995,-0.42677409562534624,-3.5058026684413925,0.4581791150654908,3.656809484466198,0.14280828915559257,0.9600564619233969,-0.00710877222978349,-0.03871477355582992,,
